Anode No,Anode Category,Elevation (m),"Depletion 
May 2001","Depletion 
Feb 2014","Depletion 
April 2016","Depletion 
July 2024",Depletion Category RL,ma (kg),Ia (A),tf (Y),Anode Life,Unnamed: 12,Unnamed: 13,Unnamed: 14,Unnamed: 15,Unnamed: 16,Elevation (m).1,Anode Qty,Σma (kg),ΣIa (A),tf (Y).1,Jul-24,Missing,Depleted,Replaced
BAN001,Original,-6.8,0.1,21-30%,26-50%,,3,114.38820855000002,1.9712633513109858,11.923534417028542,2035.9235344170286,,,,,Original,0 to -138.1,289,32583.17268126257,398.221871767861,,,0,197,15
BAN002,Original,-6.8,0.1,21-30%,26-50%,,3,114.38820855000002,1.97,11.923534417028542,2035.9235344170286,,,,,Retrofit Anode,0 to -138.1,60,16366.27959450002,146.4073432330662,,,0,0,0
BAN003,Original,-6.8,0.1,,26-50%,,3,114.38820855000002,1.97,11.923534417028542,2035.9235344170286,,,,,,Total,349,48949.45227576259,544.6292150009272,18.467805903487733,2042.4678059034877,0,197,15
BAN004,Original,-6.8,0.1,,26-50%,,3,114.38820855000002,1.97,11.923534417028542,2035.9235344170286,,,,,,,,,,,,,,
BAN005,Original,-10.8,0.1,,51-75%,26-50%,3.5,74.79349858750001,0.99,15.593117436583,2039.593117436583,,,,,,,,,,,,,,
BAN006,Original,-11.3,0.1,,51-75%,26-50%,3.5,74.79349858750001,0.99,15.593117436583,2039.593117436583,,,,,,Based on Past Original Anodes Performance from January 1995 to April 2016,,,,,,,,
BAN007,Original,-6.87,0.1,,26-50%,26-50%,2.5,153.9843184,0.99,32.10186335460503,2056.101863354605,,,,,,Elevation (m),Anode Qty,Σma (kg),ΣIa (A),tf (Y),Jul-24,Missing,Depleted,Replaced
BAN008,Original,-6.87,0.1,,26-50%,51-75%,3,114.38820855000002,1.97,11.923534417028542,2035.9235344170286,,,,,,0 to -138.1,349,48949.45227576259,1045.7146510192654,9.618404621377643,2033.6184046213777,0,197,15
BAN009,Original,-13.9,0.1,,51-75%,26-50%,3.5,74.79349858750001,0.99,15.593117436583,2039.593117436583,,,,,,,,,,,,,,
BAN010,Original,-13.6,0.1,,51-75%,26-50%,3.5,74.79349858750001,0.99,15.593117436583,2039.593117436583,,,,,,,,,,,,,,
BAN011,Original,-14.3,0.1,,51-75%,26-50%,3.5,74.79349858750001,0.99,15.593117436583,2039.593117436583,,,,,,,,,,,,,,
BAN012,Original,-14.7,0.1,,51-75%,26-50%,3.5,74.79349858750001,0.99,15.593117436583,2039.593117436583,,,,,,,,,,,,,,
BAN013,Original,-13.6,0.1,,26-50%,26-50%,2.5,153.9843184,0.99,32.10186335460503,2056.101863354605,,,,,,,,,,,,,,
BAN014,Original,-9.25,0.1,,51-75%,,4,,,,,,,,,,,,,,,,,,
BAN015,Original,-9.25,0.1,,51-75%,,4,,,,,,,,,,,,,,,,,,
BAN016,Original,-9.25,0.1,,26-50%,,3,114.38820855000002,1.9712633513109858,11.923534417028542,2035.9235344170286,,,,,,,,,,,,,,
BAN017,Original,-12.6,0.1,,51-75%,26-50%,3.5,74.79349858750001,0.9855968294681382,15.593117436583,2039.593117436583,,,,,,,,,,,,,,
BAN018,Original,-9.25,0.1,,26-50%,26-50%,2.5,153.9843184,0.9856316756554929,32.10186335460503,2056.101863354605,,,,,,,,,,,,,,
BAN019,Original,-9.25,0.1,,26-50%,26-50%,2.5,153.9843184,0.9856316756554929,32.10186335460503,2056.101863354605,,,,,,,,,,,,,,
BAN020,Original,-15.0,0.1,,26-50%,26-50%,2.5,153.9843184,0.9856316756554929,32.10186335460503,2056.101863354605,,,,,,,,,,,,,,
BAN021,Original,-13.6,0.1,,26-50%,26-50%,2.5,153.9843184,0.9856316756554929,32.10186335460503,2056.101863354605,,,,,,,,,,,,,,
BAN022,Original,-13.6,0.1,,26-50%,26-50%,2.5,153.9843184,0.9856316756554929,32.10186335460503,2056.101863354605,,,,,,,,,,,,,,
BAN023,Original,-13.6,0.1,,26-50%,26-50%,2.5,153.9843184,0.9856316756554929,32.10186335460503,2056.101863354605,,,,,,,,,,,,,,
BAN024,Original,-15.5,0.1,,26-50%,26-50%,2.5,153.9843184,0.9856316756554929,32.10186335460503,2056.101863354605,,,,,,,,,,,,,,
BAN025,Original,-14.0,0.1,,26-50%,26-50%,2.5,153.9843184,0.9856316756554929,32.10186335460503,2056.101863354605,,,,,,,,,,,,,,
BAN026,Original,-14.0,0.1,,51-75%,51-75%,3.5,74.79349858750001,0.9855968294681382,15.593117436583,2039.593117436583,,,,,,,,,,,,,,
BAN027,Original,-14.0,0.1,,51-75%,26-50%,3.5,74.79349858750001,0.9855968294681382,15.593117436583,2039.593117436583,,,,,,,,,,,,,,
BAN028,Original,-14.0,0.1,,51-75%,26-50%,3.5,74.79349858750001,0.9855968294681382,15.593117436583,2039.593117436583,,,,,,,,,,,,,,
BAN029,Original,-14.0,0.1,,26-50%,26-50%,2.5,153.9843184,0.9856316756554929,32.10186335460503,2056.101863354605,,,,,,,,,,,,,,
BAN030,Original,-17.4,0.1,,26-50%,26-50%,2.5,153.9843184,0.9856316756554929,32.10186335460503,2056.101863354605,,,,,,,,,,,,,,
BAN031,Original,-14.0,0.1,,26-50%,26-50%,2.5,153.9843184,0.9856316756554929,32.10186335460503,2056.101863354605,,,,,,,,,,,,,,
BAN032,Original,-14.0,0.1,,26-50%,26-50%,2.5,153.9843184,0.9856316756554929,32.10186335460503,2056.101863354605,,,,,,,,,,,,,,
BAN033,Original,-18.0,0.1,,26-50%,26-50%,2.5,153.9843184,0.9856316756554929,32.10186335460503,2056.101863354605,,,,,,,,,,,,,,
BAN034,Original,-14.0,0.1,,26-50%,26-50%,2.5,153.9843184,0.9856316756554929,32.10186335460503,2056.101863354605,,,,,,,,,,,,,,
BAN035,Original,-14.0,0.1,,51-75%,,4,,,,,,,,,,,,,,,,,,
BAN036,Original,-14.0,0.1,,51-75%,,4,,,,,,,,,,,,,,,,,,
BAN037,Original,-20.0,0.1,,26-50%,26-50%,2.5,153.9843184,0.9856316756554929,32.10186335460503,2056.101863354605,,,,,,,,,,,,,,
BAN038,Original,-20.0,0.1,,26-50%,26-50%,2.5,153.9843184,0.9856316756554929,32.10186335460503,2056.101863354605,,,,,,,,,,,,,,
BAN039,Original,-20.0,0.1,,26-50%,26-50%,2.5,153.9843184,0.9856316756554929,32.10186335460503,2056.101863354605,,,,,,,,,,,,,,
BAN040,Original,-20.0,0.1,,26-50%,26-50%,2.5,153.9843184,0.9856316756554929,32.10186335460503,2056.101863354605,,,,,,,,,,,,,,
BAN041,Original,-20.0,0.1,,51-75%,26-50%,3.5,74.79349858750001,0.9855968294681382,15.593117436583,2039.593117436583,,,,,,,,,,,,,,
BAN042,Original,-20.0,0.1,,51-75%,26-50%,3.5,74.79349858750001,0.9855968294681382,15.593117436583,2039.593117436583,,,,,,,,,,,,,,
BAN043,Original,-20.0,0.1,,1-25%,26-50%,2.5,153.9843184,0.9856316756554929,32.10186335460503,2056.101863354605,,,,,,,,,,,,,,
BAN044,Original,-20.0,0.1,,1-25%,1-25%,1.5,233.1758774125,0.985615229733654,48.612125784687876,2072.612125784688,,,,,,,,,,,,,,
BAN045,Original,-20.0,0.1,,51-75%,26-50%,3.5,74.79349858750001,0.9855968294681382,15.593117436583,2039.593117436583,,,,,,,,,,,,,,
BAN046,Original,-22.5,0.1,,51-75%,51-75%,3.5,74.79349858750001,0.9855968294681382,15.593117436583,2039.593117436583,,,,,,,,,,,,,,
BAN047,Original,-23.7,0.1,,51-75%,51-75%,3.5,74.79349858750001,0.9855968294681382,15.593117436583,2039.593117436583,,,,,,,,,,,,,,
BAN048,Original,-20.0,0.1,,51-75%,26-50%,3.5,74.79349858750001,0.9855968294681382,15.593117436583,2039.593117436583,,,,,,,,,,,,,,
BAN049,Original,-20.0,0.1,,1-25%,,2,193.58042825,1.971230459467308,20.178665632069972,2044.17866563207,,,,,,,,,,,,,,
BAN050,Original,-20.0,0.1,,26-50%,,3,114.38820855000002,1.9712633513109858,11.923534417028542,2035.9235344170286,,,,,,,,,,,,,,
BAN051,Original,-20.0,0.1,,26-50%,,3,114.38820855000002,1.9712633513109858,11.923534417028542,2035.9235344170286,,,,,,,,,,,,,,
BAN052,Original,-20.0,0.1,,26-50%,51-75%,3,114.38820855000002,1.9712633513109858,11.923534417028542,2035.9235344170286,,,,,,,,,,,,,,
BAN053,Original,-20.0,0.1,,51-75%,26-50%,3.5,74.79349858750001,0.9855968294681382,15.593117436583,2039.593117436583,,,,,,,,,,,,,,
BAN054,Original,-20.0,0.1,,26-50%,26-50%,2.5,153.9843184,0.9856316756554929,32.10186335460503,2056.101863354605,,,,,,,,,,,,,,
BAN055,Original,-20.0,0.1,,26-50%,26-50%,2.5,153.9843184,0.9856316756554929,32.10186335460503,2056.101863354605,,,,,,,,,,,,,,
BAN056,Original,-14.0,0.1,,26-50%,26-50%,2.5,153.9843184,0.9856316756554929,32.10186335460503,2056.101863354605,,,,,,,,,,,,,,
BAN057,Original,-25.0,0.1,,26-50%,26-50%,2.5,153.9843184,0.9856316756554929,32.10186335460503,2056.101863354605,,,,,,,,,,,,,,
BAN058,Original,-23.2,0.1,,26-50%,26-50%,2.5,153.9843184,0.9856316756554929,32.10186335460503,2056.101863354605,,,,,,,,,,,,,,
BAN059,Original,-22.8,0.1,,26-50%,26-50%,2.5,153.9843184,0.9856316756554929,32.10186335460503,2056.101863354605,,,,,,,,,,,,,,
BAN060,Original,-20.0,0.1,,26-50%,26-50%,2.5,153.9843184,0.9856316756554929,32.10186335460503,2056.101863354605,,,,,,,,,,,,,,
BAN061,Original,-26.0,0.1,,26-50%,26-50%,2.5,153.9843184,0.9856316756554929,32.10186335460503,2056.101863354605,,,,,,,,,,,,,,
BAN062,Original,-26.0,0.1,,26-50%,26-50%,2.5,153.9843184,0.9856316756554929,32.10186335460503,2056.101863354605,,,,,,,,,,,,,,
BAN063,Original,-26.0,0.1,,26-50%,26-50%,2.5,153.9843184,0.9856316756554929,32.10186335460503,2056.101863354605,,,,,,,,,,,,,,
BAN064,Original,-26.0,0.1,,26-50%,26-50%,2.5,153.9843184,0.9856316756554929,32.10186335460503,2056.101863354605,,,,,,,,,,,,,,
BAN065,Original,-26.0,0.1,,51-75%,26-50%,3.5,74.79349858750001,0.9855968294681382,15.593117436583,2039.593117436583,,,,,,,,,,,,,,
BAN066,Original,-26.0,0.1,,51-75%,26-50%,3.5,74.79349858750001,0.9855968294681382,15.593117436583,2039.593117436583,,,,,,,,,,,,,,
BAN067,Original,-26.0,0.1,,51-75%,26-50%,3.5,74.79349858750001,0.9855968294681382,15.593117436583,2039.593117436583,,,,,,,,,,,,,,
BAN068,Original,-26.0,0.1,,51-75%,26-50%,3.5,74.79349858750001,0.9855968294681382,15.593117436583,2039.593117436583,,,,,,,,,,,,,,
BAN069,Original,-26.0,0.1,,51-75%,26-50%,3.5,74.79349858750001,0.9855968294681382,15.593117436583,2039.593117436583,,,,,,,,,,,,,,
BAN070,Original,-26.0,0.1,,26-50%,26-50%,2.5,153.9843184,0.9856316756554929,32.10186335460503,2056.101863354605,,,,,,,,,,,,,,
BAN071,Original,-26.0,0.1,,26-50%,26-50%,2.5,153.9843184,0.9856316756554929,32.10186335460503,2056.101863354605,,,,,,,,,,,,,,
BAN072,Original,-26.0,0.1,,26-50%,26-50%,2.5,153.9843184,0.9856316756554929,32.10186335460503,2056.101863354605,,,,,,,,,,,,,,
BAN073,Original,-26.0,0.1,,26-50%,26-50%,2.5,153.9843184,0.9856316756554929,32.10186335460503,2056.101863354605,,,,,,,,,,,,,,
BAN074,Original,-26.0,0.1,,26-50%,26-50%,2.5,153.9843184,0.9856316756554929,32.10186335460503,2056.101863354605,,,,,,,,,,,,,,
BAN075,Original,-26.0,0.1,,26-50%,26-50%,2.5,153.9843184,0.9856316756554929,32.10186335460503,2056.101863354605,,,,,,,,,,,,,,
BAN076,Original,-26.0,0.1,,26-50%,26-50%,2.5,153.9843184,0.9856316756554929,32.10186335460503,2056.101863354605,,,,,,,,,,,,,,
BAN077,Original,-26.0,0.1,,26-50%,26-50%,2.5,153.9843184,0.9856316756554929,32.10186335460503,2056.101863354605,,,,,,,,,,,,,,
BAN078,Original,-26.0,0.1,,26-50%,26-50%,2.5,153.9843184,0.9856316756554929,32.10186335460503,2056.101863354605,,,,,,,,,,,,,,
BAN079,Original,-26.0,0.1,,26-50%,51-75%,3,114.38820855000002,1.9712633513109858,11.923534417028542,2035.9235344170286,,,,,,,,,,,,,,
BAN080,Original,-26.0,0.1,,26-50%,26-50%,2.5,153.9843184,0.9856316756554929,32.10186335460503,2056.101863354605,,,,,,,,,,,,,,
BAN081,Original,-46.5,0.1,,26-50%,26-50%,2.5,153.9843184,0.9856316756554929,32.10186335460503,2056.101863354605,,,,,,,,,,,,,,
BAN082,Original,-33.0,0.1,,26-50%,1-25%,2.5,153.9843184,0.9856316756554929,32.10186335460503,2056.101863354605,,,,,,,,,,,,,,
BAN083,Original,-33.0,0.1,,26-50%,1-25%,2.5,153.9843184,0.9856316756554929,32.10186335460503,2056.101863354605,,,,,,,,,,,,,,
BAN084,Original,-46.5,0.1,,26-50%,1-25%,2.5,153.9843184,0.9856316756554929,32.10186335460503,2056.101863354605,,,,,,,,,,,,,,
BAN085,Original,-46.5,0.1,,26-50%,51-75%,3,114.38820855000002,1.9712633513109858,11.923534417028542,2035.9235344170286,,,,,,,,,,,,,,
BAN086,Original,-33.0,0.1,,26-50%,26-50%,2.5,153.9843184,0.9856316756554929,32.10186335460503,2056.101863354605,,,,,,,,,,,,,,
BAN087,Original,-37.0,0.1,,26-50%,76-100%,4,,,,,,,,,,,,,,,,,,
BAN088,Original,-39.5,0.1,,26-50%,51-75%,3,114.38820855000002,1.9712633513109858,11.923534417028542,2035.9235344170286,,,,,,,,,,,,,,
BAN089,Original,-46.5,0.1,,26-50%,51-75%,3,114.38820855000002,1.9712633513109858,11.923534417028542,2035.9235344170286,,,,,,,,,,,,,,
BAN090,Original,-33.0,0.1,,26-50%,51-75%,3,114.38820855000002,1.9712633513109858,11.923534417028542,2035.9235344170286,,,,,,,,,,,,,,
BAN091,Original,-33.0,0.1,,26-50%,26-50%,2.5,153.9843184,0.9856316756554929,32.10186335460503,2056.101863354605,,,,,,,,,,,,,,
BAN092,Original,-49.8,0.1,,26-50%,76-100%,4,,,,,,,,,,,,,,,,,,
BAN093,Original,-46.5,0.1,,51-75%,26-50%,3.5,74.79349858750001,0.9855968294681382,15.593117436583,2039.593117436583,,,,,,,,,,,,,,
BAN094,Original,-33.0,0.1,,51-75%,26-50%,3.5,74.79349858750001,0.9855968294681382,15.593117436583,2039.593117436583,,,,,,,,,,,,,,
BAN095,Original,-33.0,0.1,,51-75%,51-75%,3.5,74.79349858750001,0.9855968294681382,15.593117436583,2039.593117436583,,,,,,,,,,,,,,
BAN096,Original,-46.5,0.1,,51-75%,26-50%,3.5,74.79349858750001,0.9855968294681382,15.593117436583,2039.593117436583,,,,,,,,,,,,,,
BAN097,Original,-46.5,0.1,,51-75%,26-50%,3.5,74.79349858750001,0.9855968294681382,15.593117436583,2039.593117436583,,,,,,,,,,,,,,
BAN098,Original,-33.0,0.1,,51-75%,26-50%,3.5,74.79349858750001,0.9855968294681382,15.593117436583,2039.593117436583,,,,,,,,,,,,,,
BAN099,Original,-33.0,0.1,,51-75%,51-75%,3.5,74.79349858750001,0.9855968294681382,15.593117436583,2039.593117436583,,,,,,,,,,,,,,
BAN100,Original,-46.5,0.1,,51-75%,26-50%,3.5,74.79349858750001,0.9855968294681382,15.593117436583,2039.593117436583,,,,,,,,,,,,,,
BAN101,Original,-46.5,0.1,,26-50%,26-50%,2.5,153.9843184,0.9856316756554929,32.10186335460503,2056.101863354605,,,,,,,,,,,,,,
BAN102,Original,-33.0,0.1,,26-50%,51-75%,3,114.38820855000002,1.9712633513109858,11.923534417028542,2035.9235344170286,,,,,,,,,,,,,,
BAN103,Original,-33.0,0.1,,26-50%,26-50%,2.5,153.9843184,0.9856316756554929,32.10186335460503,2056.101863354605,,,,,,,,,,,,,,
BAN104,Original,-46.5,0.1,,26-50%,1-25%,2.5,153.9843184,0.9856316756554929,32.10186335460503,2056.101863354605,,,,,,,,,,,,,,
BAN105,Original,-30.5,0.1,,51-75%,51-75%,3.5,74.79349858750001,0.9855968294681382,15.593117436583,2039.593117436583,,,,,,,,,,,,,,
BAN106,Original,-39.5,0.1,,51-75%,51-75%,3.5,74.79349858750001,0.9855968294681382,15.593117436583,2039.593117436583,,,,,,,,,,,,,,
BAN107,Original,-48.5,0.1,,51-75%,51-75%,3.5,74.79349858750001,0.9855968294681382,15.593117436583,2039.593117436583,,,,,,,,,,,,,,
BAN108,Original,-46.25,0.1,,51-75%,26-50%,3.5,74.79349858750001,0.9855968294681382,15.593117436583,2039.593117436583,,,,,,,,,,,,,,
BAN109,Original,-32.75,0.1,,51-75%,1-25%,3.5,74.79349858750001,0.9855968294681382,15.593117436583,2039.593117436583,,,,,,,,,,,,,,
BAN110,Original,-32.7,0.1,,51-75%,26-50%,3.5,74.79349858750001,0.9855968294681382,15.593117436583,2039.593117436583,,,,,,,,,,,,,,
BAN111,Original,-46.25,0.1,,51-75%,26-50%,3.5,74.79349858750001,0.9855968294681382,15.593117436583,2039.593117436583,,,,,,,,,,,,,,
BAN112,Original,-30.5,0.1,,51-75%,26-50%,3.5,74.79349858750001,0.9855968294681382,15.593117436583,2039.593117436583,,,,,,,,,,,,,,
BAN113,Original,-39.5,0.1,,51-75%,26-50%,3.5,74.79349858750001,0.9855968294681382,15.593117436583,2039.593117436583,,,,,,,,,,,,,,
BAN114,Original,-48.5,0.1,,51-75%,26-50%,3.5,74.79349858750001,0.9855968294681382,15.593117436583,2039.593117436583,,,,,,,,,,,,,,
BAN115,Original,-30.5,0.1,,26-50%,26-50%,2.5,153.9843184,0.9856316756554929,32.10186335460503,2056.101863354605,,,,,,,,,,,,,,
BAN116,Original,-39.5,0.1,,26-50%,26-50%,2.5,153.9843184,0.9856316756554929,32.10186335460503,2056.101863354605,,,,,,,,,,,,,,
BAN117,Original,-48.5,0.1,,26-50%,26-50%,2.5,153.9843184,0.9856316756554929,32.10186335460503,2056.101863354605,,,,,,,,,,,,,,
BAN118,Original,-46.25,0.1,,26-50%,51-75%,3,114.38820855000002,1.9712633513109858,11.923534417028542,2035.9235344170286,,,,,,,,,,,,,,
BAN119,Original,-32.75,0.1,,26-50%,26-50%,2.5,153.9843184,0.9856316756554929,32.10186335460503,2056.101863354605,,,,,,,,,,,,,,
BAN120,Original,-32.75,0.1,,26-50%,51-75%,3,114.38820855000002,1.9712633513109858,11.923534417028542,2035.9235344170286,,,,,,,,,,,,,,
BAN121,Original,-46.25,0.1,,26-50%,26-50%,2.5,153.9843184,0.9856316756554929,32.10186335460503,2056.101863354605,,,,,,,,,,,,,,
BAN122,Original,-30.5,0.1,,26-50%,,3,114.38820855000002,1.9712633513109858,11.923534417028542,2035.9235344170286,,,,,,,,,,,,,,
BAN123,Original,-39.5,0.1,,26-50%,,3,114.38820855000002,1.9712633513109858,11.923534417028542,2035.9235344170286,,,,,,,,,,,,,,
BAN124,Original,-48.5,0.1,,26-50%,,3,114.38820855000002,1.9712633513109858,11.923534417028542,2035.9235344170286,,,,,,,,,,,,,,
BAN125,Original,-33.0,0.1,,51-75%,26-50%,3.5,74.79349858750001,0.9855968294681382,15.593117436583,2039.593117436583,,,,,,,,,,,,,,
BAN126,Original,-36.5,0.1,,51-75%,26-50%,3.5,74.79349858750001,0.9855968294681382,15.593117436583,2039.593117436583,,,,,,,,,,,,,,
BAN127,Original,-29.5,0.1,,26-50%,26-50%,2.5,153.9843184,0.9856316756554929,32.10186335460503,2056.101863354605,,,,,,,,,,,,,,
BAN128,Original,-29.5,0.1,,26-50%,26-50%,2.5,153.9843184,0.9856316756554929,32.10186335460503,2056.101863354605,,,,,,,,,,,,,,
BAN129,Original,-36.5,0.1,,26-50%,26-50%,2.5,153.9843184,0.9856316756554929,32.10186335460503,2056.101863354605,,,,,,,,,,,,,,
BAN130,Original,-33.0,0.1,,26-50%,26-50%,2.5,153.9843184,0.9856316756554929,32.10186335460503,2056.101863354605,,,,,,,,,,,,,,
BAN131,Original,-32.75,0.1,,51-75%,26-50%,3.5,74.79349858750001,0.9855968294681382,15.593117436583,2039.593117436583,,,,,,,,,,,,,,
BAN132,Original,-46.25,0.1,,51-75%,26-50%,3.5,74.79349858750001,0.9855968294681382,15.593117436583,2039.593117436583,,,,,,,,,,,,,,
BAN133,Original,-46.25,0.1,,26-50%,26-50%,2.5,153.9843184,0.9856316756554929,32.10186335460503,2056.101863354605,,,,,,,,,,,,,,
BAN134,Original,-32.75,0.1,,26-50%,26-50%,2.5,153.9843184,0.9856316756554929,32.10186335460503,2056.101863354605,,,,,,,,,,,,,,
BAN135,Original,-32.75,0.1,,26-50%,26-50%,2.5,153.9843184,0.9856316756554929,32.10186335460503,2056.101863354605,,,,,,,,,,,,,,
BAN136,Original,-46.25,0.1,,26-50%,26-50%,2.5,153.9843184,0.9856316756554929,32.10186335460503,2056.101863354605,,,,,,,,,,,,,,
BAN137,Original,-32.7,0.1,,26-50%,26-50%,2.5,153.9843184,0.9856316756554929,32.10186335460503,2056.101863354605,,,,,,,,,,,,,,
BAN138,Original,-46.5,0.1,,26-50%,26-50%,2.5,153.9843184,0.9856316756554929,32.10186335460503,2056.101863354605,,,,,,,,,,,,,,
BAN139,Original,-33.0,0.1,,26-50%,,3,114.38820855000002,1.9712633513109858,11.923534417028542,2035.9235344170286,,,,,,,,,,,,,,
BAN140,Original,-36.5,0.1,21-30%,26-50%,26-50%,2.5,153.9843184,0.9856316756554929,32.10186335460503,2056.101863354605,,,,,,,,,,,,,,
BAN141,Original,-29.5,0.1,21-30%,26-50%,26-50%,2.5,153.9843184,0.9856316756554929,32.10186335460503,2056.101863354605,,,,,,,,,,,,,,
BAN142,Original,-29.5,0.1,21-30%,26-50%,26-50%,2.5,153.9843184,0.9856316756554929,32.10186335460503,2056.101863354605,,,,,,,,,,,,,,
BAN143,Original,-36.5,0.1,21-30%,26-50%,26-50%,2.5,153.9843184,0.9856316756554929,32.10186335460503,2056.101863354605,,,,,,,,,,,,,,
BAN144,Original,-33.0,0.1,,26-50%,,3,114.38820855000002,1.9712633513109858,11.923534417028542,2035.9235344170286,,,,,,,,,,,,,,
BAN145,Original,-32.75,0.1,21-30%,51-75%,,4,,,,,,,,,,,,,,,,,,
BAN146,Original,-46.25,0.1,21-30%,51-75%,,4,,,,,,,,,,,,,,,,,,
BAN147,Original,-46.25,0.1,21-30%,26-50%,,3,114.38820855000002,1.9712633513109858,11.923534417028542,2035.9235344170286,,,,,,,,,,,,,,
BAN148,Original,-32.75,0.1,21-30%,26-50%,,3,114.38820855000002,1.9712633513109858,11.923534417028542,2035.9235344170286,,,,,,,,,,,,,,
BAN149,Original,-32.75,0.1,21-30%,26-50%,,3,114.38820855000002,1.9712633513109858,11.923534417028542,2035.9235344170286,,,,,,,,,,,,,,
BAN150,Original,-46.25,0.1,21-30%,26-50%,,3,114.38820855000002,1.9712633513109858,11.923534417028542,2035.9235344170286,,,,,,,,,,,,,,
BAN151,Original,-32.75,0.1,,26-50%,,3,114.38820855000002,1.9712633513109858,11.923534417028542,2035.9235344170286,,,,,,,,,,,,,,
BAN152,Original,-46.25,0.1,,26-50%,,3,114.38820855000002,1.9712633513109858,11.923534417028542,2035.9235344170286,,,,,,,,,,,,,,
BAN153,Original,-53.0,0.1,,26-50%,51-75%,3,114.38820855000002,1.9712633513109858,11.923534417028542,2035.9235344170286,,,,,,,,,,,,,,
BAN154,Original,-53.0,0.1,,26-50%,51-75%,3,114.38820855000002,1.9712633513109858,11.923534417028542,2035.9235344170286,,,,,,,,,,,,,,
BAN155,Original,-53.0,0.1,,26-50%,51-75%,3,114.38820855000002,1.9712633513109858,11.923534417028542,2035.9235344170286,,,,,,,,,,,,,,
BAN156,Original,-53.0,0.1,,26-50%,51-75%,3,114.38820855000002,1.9712633513109858,11.923534417028542,2035.9235344170286,,,,,,,,,,,,,,
BAN157,Original,-53.0,0.1,,26-50%,51-75%,3,114.38820855000002,1.9712633513109858,11.923534417028542,2035.9235344170286,,,,,,,,,,,,,,
BAN158,Original,-53.0,0.1,,51-75%,51-75%,3.5,74.79349858750001,0.9855968294681382,15.593117436583,2039.593117436583,,,,,,,,,,,,,,
BAN159,Original,-53.0,0.1,,51-75%,26-50%,3.5,74.79349858750001,0.9855968294681382,15.593117436583,2039.593117436583,,,,,,,,,,,,,,
BAN160,Original,-53.0,0.1,,51-75%,51-75%,3.5,74.79349858750001,0.9855968294681382,15.593117436583,2039.593117436583,,,,,,,,,,,,,,
BAN161,Original,-53.0,0.1,,51-75%,51-75%,3.5,74.79349858750001,0.9855968294681382,15.593117436583,2039.593117436583,,,,,,,,,,,,,,
BAN162,Original,-53.0,0.1,,51-75%,51-75%,3.5,74.79349858750001,0.9855968294681382,15.593117436583,2039.593117436583,,,,,,,,,,,,,,
BAN163,Original,-53.0,0.1,21-30%,26-50%,1-25%,2.5,153.9843184,0.9856316756554929,32.10186335460503,2056.101863354605,,,,,,,,,,,,,,
BAN164,Original,-53.0,0.1,21-30%,26-50%,,3,114.38820855000002,1.9712633513109858,11.923534417028542,2035.9235344170286,,,,,,,,,,,,,,
BAN165,Original,-53.0,0.1,21-30%,26-50%,,3,114.38820855000002,1.9712633513109858,11.923534417028542,2035.9235344170286,,,,,,,,,,,,,,
BAN166,Original,-53.0,0.1,21-30%,26-50%,51-75%,3,114.38820855000002,1.9712633513109858,11.923534417028542,2035.9235344170286,,,,,,,,,,,,,,
BAN167,Original,-53.0,0.1,21-30%,26-50%,51-75%,3,114.38820855000002,1.9712633513109858,11.923534417028542,2035.9235344170286,,,,,,,,,,,,,,
BAN168,Original,-53.0,0.1,21-30%,26-50%,,3,114.38820855000002,1.9712633513109858,11.923534417028542,2035.9235344170286,,,,,,,,,,,,,,
BAN169,Original,-53.0,0.1,21-30%,26-50%,,3,114.38820855000002,1.9712633513109858,11.923534417028542,2035.9235344170286,,,,,,,,,,,,,,
BAN170,Original,-53.0,0.1,21-30%,26-50%,51-75%,3,114.38820855000002,1.9712633513109858,11.923534417028542,2035.9235344170286,,,,,,,,,,,,,,
BAN171,Original,-53.0,0.1,Missing,26-50%,,3,114.38820855000002,1.9712633513109858,11.923534417028542,2035.9235344170286,,,,,,,,,,,,,,
BAN172,Original,-53.0,0.1,21-30%,26-50%,51-75%,3,114.38820855000002,1.9712633513109858,11.923534417028542,2035.9235344170286,,,,,,,,,,,,,,
BAN173,Original,-59.75,0.1,,26-50%,51-75%,3,114.38820855000002,1.9712633513109858,11.923534417028542,2035.9235344170286,,,,,,,,,,,,,,
BAN174,Original,-73.25,0.1,,26-50%,51-75%,3,114.38820855000002,1.9712633513109858,11.923534417028542,2035.9235344170286,,,,,,,,,,,,,,
BAN175,Original,-73.25,0.1,,26-50%,51-75%,3,114.38820855000002,1.9712633513109858,11.923534417028542,2035.9235344170286,,,,,,,,,,,,,,
BAN176,Original,-59.75,0.1,,26-50%,51-75%,3,114.38820855000002,1.9712633513109858,11.923534417028542,2035.9235344170286,,,,,,,,,,,,,,
BAN177,Original,-64.58,0.1,,51-75%,76-100%,4,,,,,,,,,,,,,,,,,,
BAN178,Original,-59.75,0.1,,51-75%,51-75%,3.5,74.79349858750001,0.9855968294681382,15.593117436583,2039.593117436583,,,,,,,,,,,,,,
BAN179,Original,-73.25,0.1,,51-75%,26-50%,3.5,74.79349858750001,0.9855968294681382,15.593117436583,2039.593117436583,,,,,,,,,,,,,,
BAN180,Original,-59.75,0.1,,51-75%,26-50%,3.5,74.79349858750001,0.9855968294681382,15.593117436583,2039.593117436583,,,,,,,,,,,,,,
BAN181,Original,-59.75,0.1,,51-75%,26-50%,3.5,74.79349858750001,0.9855968294681382,15.593117436583,2039.593117436583,,,,,,,,,,,,,,
BAN182,Original,-73.5,0.1,,51-75%,51-75%,3.5,74.79349858750001,0.9855968294681382,15.593117436583,2039.593117436583,,,,,,,,,,,,,,
BAN183,Original,-59.75,0.1,,51-75%,26-50%,3.5,74.79349858750001,0.9855968294681382,15.593117436583,2039.593117436583,,,,,,,,,,,,,,
BAN184,Original,-72.1,0.1,,51-75%,76-100%,4,,,,,,,,,,,,,,,,,,
BAN185,Original,-57.5,0.1,,51-75%,51-75%,3.5,74.79349858750001,0.9855968294681382,15.593117436583,2039.593117436583,,,,,,,,,,,,,,
BAN186,Original,-66.5,0.1,,51-75%,51-75%,3.5,74.79349858750001,0.9855968294681382,15.593117436583,2039.593117436583,,,,,,,,,,,,,,
BAN187,Original,-75.5,0.1,,51-75%,51-75%,3.5,74.79349858750001,0.9855968294681382,15.593117436583,2039.593117436583,,,,,,,,,,,,,,
BAN188,Original,-78.0,0.1,,51-75%,51-75%,3.5,74.79349858750001,0.9855968294681382,15.593117436583,2039.593117436583,,,,,,,,,,,,,,
BAN189,Original,-72.7,0.1,,51-75%,51-75%,3.5,74.79349858750001,0.9855968294681382,15.593117436583,2039.593117436583,,,,,,,,,,,,,,
BAN190,Original,-61.7,0.1,,51-75%,51-75%,3.5,74.79349858750001,0.9855968294681382,15.593117436583,2039.593117436583,,,,,,,,,,,,,,
BAN191,Original,-59.75,0.1,,51-75%,51-75%,3.5,74.79349858750001,0.9855968294681382,15.593117436583,2039.593117436583,,,,,,,,,,,,,,
BAN192,Original,-69.88,0.1,,51-75%,51-75%,3.5,74.79349858750001,0.9855968294681382,15.593117436583,2039.593117436583,,,,,,,,,,,,,,
BAN193,Original,-76.63,0.1,,51-75%,51-75%,3.5,74.79349858750001,0.9855968294681382,15.593117436583,2039.593117436583,,,,,,,,,,,,,,
BAN194,Original,-57.5,0.1,,51-75%,26-50%,3.5,74.79349858750001,0.9855968294681382,15.593117436583,2039.593117436583,,,,,,,,,,,,,,
BAN195,Original,-66.5,0.1,,51-75%,26-50%,3.5,74.79349858750001,0.9855968294681382,15.593117436583,2039.593117436583,,,,,,,,,,,,,,
BAN196,Original,-75.5,0.1,,76-100%,Replaced,Replaced,,,,,,,,,,,,,,,,,,
BAN197,Original,-57.5,0.1,,51-75%,26-50%,3.5,74.79349858750001,0.9855968294681382,15.593117436583,2039.593117436583,,,,,,,,,,,,,,
BAN198,Original,-66.5,0.1,,51-75%,51-75%,3.5,74.79349858750001,0.9855968294681382,15.593117436583,2039.593117436583,,,,,,,,,,,,,,
BAN199,Original,-75.5,0.1,,51-75%,26-50%,3.5,74.79349858750001,0.9855968294681382,15.593117436583,2039.593117436583,,,,,,,,,,,,,,
BAN200,Original,-76.63,0.1,,26-50%,51-75%,3,114.38820855000002,1.9712633513109858,11.923534417028542,2035.9235344170286,,,,,,,,,,,,,,
BAN201,Original,-69.88,0.1,,26-50%,51-75%,3,114.38820855000002,1.9712633513109858,11.923534417028542,2035.9235344170286,,,,,,,,,,,,,,
BAN202,Original,-59.75,0.1,,26-50%,51-75%,3,114.38820855000002,1.9712633513109858,11.923534417028542,2035.9235344170286,,,,,,,,,,,,,,
BAN203,Original,-59.75,0.1,,26-50%,51-75%,3,114.38820855000002,1.9712633513109858,11.923534417028542,2035.9235344170286,,,,,,,,,,,,,,
BAN204,Original,-69.88,0.1,,26-50%,51-75%,3,114.38820855000002,1.9712633513109858,11.923534417028542,2035.9235344170286,,,,,,,,,,,,,,
BAN205,Original,-76.63,0.1,,26-50%,51-75%,3,114.38820855000002,1.9712633513109858,11.923534417028542,2035.9235344170286,,,,,,,,,,,,,,
BAN206,Original,-57.5,0.1,,26-50%,51-75%,3,114.38820855000002,1.9712633513109858,11.923534417028542,2035.9235344170286,,,,,,,,,,,,,,
BAN207,Original,-66.5,0.1,,26-50%,51-75%,3,114.38820855000002,1.9712633513109858,11.923534417028542,2035.9235344170286,,,,,,,,,,,,,,
BAN208,Original,-75.5,0.1,,26-50%,51-75%,3,114.38820855000002,1.9712633513109858,11.923534417028542,2035.9235344170286,,,,,,,,,,,,,,
BAN209,Original,-59.7,0.1,,26-50%,26-50%,2.5,153.9843184,0.9856316756554929,32.10186335460503,2056.101863354605,,,,,,,,,,,,,,
BAN210,Original,-66.5,0.1,,26-50%,51-75%,3,114.38820855000002,1.9712633513109858,11.923534417028542,2035.9235344170286,,,,,,,,,,,,,,
BAN211,Original,-69.8,0.1,21-30%,51-75%,26-50%,3.5,74.79349858750001,0.9855968294681382,15.593117436583,2039.593117436583,,,,,,,,,,,,,,
BAN212,Original,-76.3,0.1,21-30%,51-75%,51-75%,3.5,74.79349858750001,0.9855968294681382,15.593117436583,2039.593117436583,,,,,,,,,,,,,,
BAN213,Original,-76.63,0.1,21-30%,26-50%,51-75%,3,114.38820855000002,1.9712633513109858,11.923534417028542,2035.9235344170286,,,,,,,,,,,,,,
BAN214,Original,-59.75,0.1,21-30%,26-50%,,3,114.38820855000002,1.9712633513109858,11.923534417028542,2035.9235344170286,,,,,,,,,,,,,,
BAN215,Original,-56.38,0.1,21-30%,26-50%,26-50%,2.5,153.9843184,0.9856316756554929,32.10186335460503,2056.101863354605,,,,,,,,,,,,,,
BAN216,Original,-73.25,0.1,21-30%,26-50%,,3,114.38820855000002,1.9712633513109858,11.923534417028542,2035.9235344170286,,,,,,,,,,,,,,
BAN217,Original,-59.75,0.1,,26-50%,51-75%,3,114.38820855000002,1.9712633513109858,11.923534417028542,2035.9235344170286,,,,,,,,,,,,,,
BAN218,Original,-73.5,0.1,,26-50%,51-75%,3,114.38820855000002,1.9712633513109858,11.923534417028542,2035.9235344170286,,,,,,,,,,,,,,
BAN219,Original,-59.75,0.1,21-30%,26-50%,,3,114.38820855000002,1.9712633513109858,11.923534417028542,2035.9235344170286,,,,,,,,,,,,,,
BAN220,Original,-66.5,0.1,21-30%,26-50%,,3,114.38820855000002,1.9712633513109858,11.923534417028542,2035.9235344170286,,,,,,,,,,,,,,
BAN221,Original,-69.88,0.1,21-30%,51-75%,26-50%,3.5,74.79349858750001,0.9855968294681382,15.593117436583,2039.593117436583,,,,,,,,,,,,,,
BAN222,Original,-76.63,0.1,21-30%,51-75%,26-50%,3.5,74.79349858750001,0.9855968294681382,15.593117436583,2039.593117436583,,,,,,,,,,,,,,
BAN223,Original,-76.63,0.1,41-50%,26-50%,,3,114.38820855000002,1.9712633513109858,11.923534417028542,2035.9235344170286,,,,,,,,,,,,,,
BAN224,Original,-59.75,0.1,21-30%,26-50%,51-75%,3,114.38820855000002,1.9712633513109858,11.923534417028542,2035.9235344170286,,,,,,,,,,,,,,
BAN225,Original,-56.38,0.1,21-30%,26-50%,,3,114.38820855000002,1.9712633513109858,11.923534417028542,2035.9235344170286,,,,,,,,,,,,,,
BAN226,Original,-73.25,0.1,21-30%,26-50%,51-75%,3,114.38820855000002,1.9712633513109858,11.923534417028542,2035.9235344170286,,,,,,,,,,,,,,
BAN227,Original,-59.75,0.1,,26-50%,26-50%,2.5,153.9843184,0.9856316756554929,32.10186335460503,2056.101863354605,,,,,,,,,,,,,,
BAN228,Original,-73.25,0.1,,26-50%,26-50%,2.5,153.9843184,0.9856316756554929,32.10186335460503,2056.101863354605,,,,,,,,,,,,,,
BAN229,Original,-80.0,0.1,,26-50%,51-75%,3,114.38820855000002,1.9712633513109858,11.923534417028542,2035.9235344170286,,,,,,,,,,,,,,
BAN230,Original,-80.0,0.1,,26-50%,51-75%,3,114.38820855000002,1.9712633513109858,11.923534417028542,2035.9235344170286,,,,,,,,,,,,,,
BAN231,Original,-80.0,0.1,,26-50%,51-75%,3,114.38820855000002,1.9712633513109858,11.923534417028542,2035.9235344170286,,,,,,,,,,,,,,
BAN232,Original,-80.0,0.1,,26-50%,51-75%,3,114.38820855000002,1.9712633513109858,11.923534417028542,2035.9235344170286,,,,,,,,,,,,,,
BAN233,Original,-80.0,0.1,,26-50%,51-75%,3,114.38820855000002,1.9712633513109858,11.923534417028542,2035.9235344170286,,,,,,,,,,,,,,
BAN234,Original,-80.0,0.1,,51-75%,76-100%,4,,,,,,,,,,,,,,,,,,
BAN235,Original,-80.0,0.1,,51-75%,51-75%,3.5,74.79349858750001,0.9855968294681382,15.593117436583,2039.593117436583,,,,,,,,,,,,,,
BAN236,Original,-80.0,0.1,,51-75%,51-75%,3.5,74.79349858750001,0.9855968294681382,15.593117436583,2039.593117436583,,,,,,,,,,,,,,
BAN237,Original,-80.0,0.1,,51-75%,26-50%,3.5,74.79349858750001,0.9855968294681382,15.593117436583,2039.593117436583,,,,,,,,,,,,,,
BAN238,Original,-80.0,0.1,,51-75%,76-100%,4,,,,,,,,,,,,,,,,,,
BAN239,Original,-80.0,0.1,21-30%,26-50%,76-100%,4,,,,,,,,,,,,,,,,,,
BAN240,Original,-80.0,0.1,21-30%,26-50%,,3,114.38820855000002,1.9712633513109858,11.923534417028542,2035.9235344170286,,,,,,,,,,,,,,
BAN241,Original,-80.0,0.1,21-30%,26-50%,76-100%,4,,,,,,,,,,,,,,,,,,
BAN242,Original,-80.0,0.1,21-30%,26-50%,51-75%,3,114.38820855000002,1.9712633513109858,11.923534417028542,2035.9235344170286,,,,,,,,,,,,,,
BAN243,Original,-80.0,0.1,21-30%,26-50%,51-75%,3,114.38820855000002,1.9712633513109858,11.923534417028542,2035.9235344170286,,,,,,,,,,,,,,
BAN244,Original,-80.0,0.1,21-30%,26-50%,,3,114.38820855000002,1.9712633513109858,11.923534417028542,2035.9235344170286,,,,,,,,,,,,,,
BAN245,Original,-80.0,0.1,21-30%,26-50%,,3,114.38820855000002,1.9712633513109858,11.923534417028542,2035.9235344170286,,,,,,,,,,,,,,
BAN246,Original,-80.0,0.1,21-30%,26-50%,51-75%,3,114.38820855000002,1.9712633513109858,11.923534417028542,2035.9235344170286,,,,,,,,,,,,,,
BAN247,Original,-80.0,0.1,21-30%,26-50%,51-75%,3,114.38820855000002,1.9712633513109858,11.923534417028542,2035.9235344170286,,,,,,,,,,,,,,
BAN248,Original,-80.0,0.1,21-30%,26-50%,,3,114.38820855000002,1.9712633513109858,11.923534417028542,2035.9235344170286,,,,,,,,,,,,,,
BAN249,Original,-87.13,0.1,,51-75%,,4,,,,,,,,,,,,,,,,,,
BAN250,Original,-101.38,0.1,,51-75%,,4,,,,,,,,,,,,,,,,,,
BAN251,Original,-87.13,0.1,,51-75%,,4,,,,,,,,,,,,,,,,,,
BAN252,Original,-101.38,0.1,,51-75%,,4,,,,,,,,,,,,,,,,,,
BAN253,Original,-102.1,0.1,,51-75%,76-100%,4,,,,,,,,,,,,,,,,,,
BAN254,Original,-92.1,0.1,,51-75%,51-75%,3.5,74.79349858750001,0.9855968294681382,15.593117436583,2039.593117436583,,,,,,,,,,,,,,
BAN255,Original,-87.13,0.1,,26-50%,51-75%,3,114.38820855000002,1.9712633513109858,11.923534417028542,2035.9235344170286,,,,,,,,,,,,,,
BAN256,Original,-87.13,0.1,,26-50%,51-75%,3,114.38820855000002,1.9712633513109858,11.923534417028542,2035.9235344170286,,,,,,,,,,,,,,
BAN257,Original,-101.38,0.1,,76-100%,76-100%,4,,,,,,,,,,,,,,,,,,
BAN258,Original,-87.13,0.1,,51-75%,51-75%,3.5,74.79349858750001,0.9855968294681382,15.593117436583,2039.593117436583,,,,,,,,,,,,,,
BAN259,Original,-87.13,0.1,,51-75%,76-100%,4,,,,,,,,,,,,,,,,,,
BAN260,Original,-101.38,0.1,,51-75%,76-100%,4,,,,,,,,,,,,,,,,,,
BAN261,Original,-89.4,0.1,,76-100%,76-100%,4,,,,,,,,,,,,,,,,,,
BAN262,Original,-96.63,0.1,,76-100%,Replaced,Replaced,,,,,,,,,,,,,,,,,,
BAN263,Original,-101.0,0.1,,76-100%,76-100%,4,,,,,,,,,,,,,,,,,,
BAN264,Original,-106.13,0.1,,76-100%,Replaced,Replaced,,,,,,,,,,,,,,,,,,
BAN265,Original,-104.94,0.1,,51-75%,51-75%,3.5,74.79349858750001,0.9855968294681382,15.593117436583,2039.593117436583,,,,,,,,,,,,,,
BAN266,Original,-97.81,0.1,,51-75%,76-100%,4,,,,,,,,,,,,,,,,,,
BAN267,Original,-90.69,0.1,,51-75%,51-75%,3.5,74.79349858750001,0.9855968294681382,15.593117436583,2039.593117436583,,,,,,,,,,,,,,
BAN268,Original,-83.56,0.1,,51-75%,76-100%,4,,,,,,,,,,,,,,,,,,
BAN269,Original,-83.56,0.1,,51-75%,76-100%,4,,,,,,,,,,,,,,,,,,
BAN270,Original,-90.69,0.1,,51-75%,76-100%,4,,,,,,,,,,,,,,,,,,
BAN271,Original,-97.81,0.1,,51-75%,51-75%,3.5,74.79349858750001,0.9855968294681382,15.593117436583,2039.593117436583,,,,,,,,,,,,,,
BAN272,Original,-104.94,0.1,,76-100%,76-100%,4,,,,,,,,,,,,,,,,,,
BAN273,Original,-89.5,0.1,,76-100%,76-100%,4,,,,,,,,,,,,,,,,,,
BAN274,Original,-94.25,0.1,,76-100%,Replaced,Replaced,,,,,,,,,,,,,,,,,,
BAN275,Original,-99.0,0.1,,76-100%,76-100%,4,,,,,,,,,,,,,,,,,,
BAN276,Original,-106.65,0.1,,76-100%,Replaced,Replaced,,,,,,,,,,,,,,,,,,
BAN277,Original,-88.55,0.1,,51-75%,76-100%,4,,,,,,,,,,,,,,,,,,
BAN278,Original,-94.25,0.1,,76-100%,Replaced,Replaced,,,,,,,,,,,,,,,,,,
BAN279,Original,-99.95,0.1,,51-75%,76-100%,4,,,,,,,,,,,,,,,,,,
BAN280,Original,-105.65,0.1,,51-75%,76-100%,4,,,,,,,,,,,,,,,,,,
BAN281,Original,-104.94,0.1,,51-75%,76-100%,4,,,,,,,,,,,,,,,,,,
BAN282,Original,-97.81,0.1,,51-75%,76-100%,4,,,,,,,,,,,,,,,,,,
BAN283,Original,-90.69,0.1,,26-50%,51-75%,3,114.38820855000002,1.9712633513109858,11.923534417028542,2035.9235344170286,,,,,,,,,,,,,,
BAN284,Original,-83.56,0.1,,51-75%,51-75%,3.5,74.79349858750001,0.9855968294681382,15.593117436583,2039.593117436583,,,,,,,,,,,,,,
BAN285,Original,-83.56,0.1,,51-75%,51-75%,3.5,74.79349858750001,0.9855968294681382,15.593117436583,2039.593117436583,,,,,,,,,,,,,,
BAN286,Original,-90.69,0.1,,26-50%,51-75%,3,114.38820855000002,1.9712633513109858,11.923534417028542,2035.9235344170286,,,,,,,,,,,,,,
BAN287,Original,-97.81,0.1,,51-75%,76-100%,4,,,,,,,,,,,,,,,,,,
BAN288,Original,-104.94,0.1,,76-100%,76-100%,4,,,,,,,,,,,,,,,,,,
BAN289,Original,-89.7,0.1,,51-75%,76-100%,4,,,,,,,,,,,,,,,,,,
BAN290,Original,-96.63,0.1,,76-100%,Replaced,Replaced,,,,,,,,,,,,,,,,,,
BAN291,Original,-99.35,0.1,,76-100%,76-100%,4,,,,,,,,,,,,,,,,,,
BAN292,Original,-106.13,0.1,,76-100%,Replaced,Replaced,,,,,,,,,,,,,,,,,,
BAN293,Original,-87.13,0.1,21-30%,51-75%,51-75%,3.5,74.79349858750001,0.9855968294681382,15.593117436583,2039.593117436583,,,,,,,,,,,,,,
BAN294,Original,-94.25,0.1,21-30%,51-75%,51-75%,3.5,74.79349858750001,0.9855968294681382,15.593117436583,2039.593117436583,,,,,,,,,,,,,,
BAN295,Original,-97.7,0.1,,51-75%,76-100%,4,,,,,,,,,,,,,,,,,,
BAN296,Original,-104.6,0.1,,51-75%,76-100%,4,,,,,,,,,,,,,,,,,,
BAN297,Original,-108.2,0.1,61-70%,76-100%,76-100%,4,,,,,,,,,,,,,,,,,,
BAN298,Original,-87.13,0.1,21-30%,26-50%,,3,114.38820855000002,1.9712633513109858,11.923534417028542,2035.9235344170286,,,,,,,,,,,,,,
BAN299,Original,-83.56,0.1,21-30%,26-50%,26-50%,2.5,153.9843184,0.9856316756554929,32.10186335460503,2056.101863354605,,,,,,,,,,,,,,
BAN300,Original,-97.81,0.1,41-50%,51-75%,,4,,,,,,,,,,,,,,,,,,
BAN301,Original,-104.94,0.1,41-50%,51-75%,,4,,,,,,,,,,,,,,,,,,
BAN302,Original,-84.75,0.1,,51-75%,51-75%,3.5,74.79349858750001,0.9855968294681382,15.593117436583,2039.593117436583,,,,,,,,,,,,,,
BAN303,Original,-98.0,0.1,,51-75%,76-100%,4,,,,,,,,,,,,,,,,,,
BAN304,Original,-104.8,0.1,,51-75%,76-100%,4,,,,,,,,,,,,,,,,,,
BAN305,Original,-87.13,0.1,21-30%,26-50%,51-75%,3,114.38820855000002,1.9712633513109858,11.923534417028542,2035.9235344170286,,,,,,,,,,,,,,
BAN306,Original,-94.25,0.1,51-60%,51-75%,76-100%,4,,,,,,,,,,,,,,,,,,
BAN307,Original,-97.81,0.1,21-30%,76-100%,Replaced,Replaced,,,,,,,,,,,,,,,,,,
BAN308,Original,-104.94,0.1,21-30%,76-100%,76-100%,4,,,,,,,,,,,,,,,,,,
BAN309,Original,-104.94,0.1,51-60%,51-75%,76-100%,4,,,,,,,,,,,,,,,,,,
BAN310,Original,-87.13,0.1,21-30%,26-50%,,3,114.38820855000002,1.9712633513109858,11.923534417028542,2035.9235344170286,,,,,,,,,,,,,,
BAN311,Original,-83.56,0.1,21-30%,51-75%,26-50%,3.5,74.79349858750001,0.9855968294681382,15.593117436583,2039.593117436583,,,,,,,,,,,,,,
BAN312,Original,-97.81,0.1,21-30%,26-50%,,3,114.38820855000002,1.9712633513109858,11.923534417028542,2035.9235344170286,,,,,,,,,,,,,,
BAN313,Original,-104.94,0.1,41-50%,51-75%,,4,,,,,,,,,,,,,,,,,,
BAN314,Original,-90.69,0.1,,51-75%,,4,,,,,,,,,,,,,,,,,,
BAN315,Original,-97.81,0.1,,76-100%,Replaced,Replaced,,,,,,,,,,,,,,,,,,
BAN316,Original,-104.94,0.1,,76-100%,,4,,,,,,,,,,,,,,,,,,
BAN317,Original,-108.5,0.1,,51-75%,76-100%,4,,,,,,,,,,,,,,,,,,
BAN318,Original,-108.5,0.1,,51-75%,76-100%,4,,,,,,,,,,,,,,,,,,
BAN319,Original,-108.5,0.1,,51-75%,,4,,,,,,,,,,,,,,,,,,
BAN320,Original,-108.5,0.1,,76-100%,,4,,,,,,,,,,,,,,,,,,
BAN321,Original,-108.5,0.1,,51-75%,76-100%,4,,,,,,,,,,,,,,,,,,
BAN322,Original,-108.5,0.1,,51-75%,51-75%,3.5,74.79349858750001,0.9855968294681382,15.593117436583,2039.593117436583,,,,,,,,,,,,,,
BAN323,Original,-108.5,0.1,,51-75%,76-100%,4,,,,,,,,,,,,,,,,,,
BAN324,Original,-108.5,0.1,,76-100%,76-100%,4,,,,,,,,,,,,,,,,,,
BAN325,Original,-108.5,0.1,,51-75%,51-75%,3.5,74.79349858750001,0.9855968294681382,15.593117436583,2039.593117436583,,,,,,,,,,,,,,
BAN326,Original,-108.5,0.1,,51-75%,76-100%,4,,,,,,,,,,,,,,,,,,
BAN327,Original,-108.5,0.1,21-30%,26-50%,,3,114.38820855000002,1.9712633513109858,11.923534417028542,2035.9235344170286,,,,,,,,,,,,,,
BAN328,Original,-108.5,0.1,21-30%,26-50%,,3,114.38820855000002,1.9712633513109858,11.923534417028542,2035.9235344170286,,,,,,,,,,,,,,
BAN329,Original,-108.5,0.1,21-30%,26-50%,,3,114.38820855000002,1.9712633513109858,11.923534417028542,2035.9235344170286,,,,,,,,,,,,,,
BAN330,Original,-108.5,0.1,21-30%,26-50%,76-100%,4,,,,,,,,,,,,,,,,,,
BAN331,Original,-108.5,0.1,21-30%,26-50%,76-100%,4,,,,,,,,,,,,,,,,,,
BAN332,Original,-108.5,0.1,21-30%,51-75%,,4,,,,,,,,,,,,,,,,,,
BAN333,Original,-108.5,0.1,21-30%,51-75%,,4,,,,,,,,,,,,,,,,,,
BAN334,Original,-108.5,0.1,21-30%,51-75%,76-100%,4,,,,,,,,,,,,,,,,,,
BAN335,Original,-108.5,0.1,21-30%,26-50%,51-75%,3,114.38820855000002,1.9712633513109858,11.923534417028542,2035.9235344170286,,,,,,,,,,,,,,
BAN336,Original,-108.5,0.1,21-30%,26-50%,,3,114.38820855000002,1.9712633513109858,11.923534417028542,2035.9235344170286,,,,,,,,,,,,,,
BAN337,Original,-114.64,0.1,,51-75%,,4,,,,,,,,,,,,,,,,,,
BAN338,Original,-126.95,0.1,,76-100%,,4,,,,,,,,,,,,,,,,,,
BAN339,Original,-130.7,0.1,,26-50%,,3,114.38820855000002,1.9712633513109858,11.923534417028542,2035.9235344170286,,,,,,,,,,,,,,
BAN340,Original,-115.9,0.1,,51-75%,,4,,,,,,,,,,,,,,,,,,
BAN341,Original,-114.65,0.1,,76-100%,,4,,,,,,,,,,,,,,,,,,
BAN342,Original,-126.95,0.1,,76-100%,,4,,,,,,,,,,,,,,,,,,
BAN343,Original,-126.2,0.1,,51-75%,76-100%,4,,,,,,,,,,,,,,,,,,
BAN344,Original,-119.2,0.1,,51-75%,76-100%,4,,,,,,,,,,,,,,,,,,
BAN345,Original,-119.6,0.1,,76-100%,76-100%,4,,,,,,,,,,,,,,,,,,
BAN346,Original,-130.7,0.1,,51-75%,51-75%,3.5,74.79349858750001,0.9855968294681382,15.593117436583,2039.593117436583,,,,,,,,,,,,,,
BAN347,Original,-118.6,0.1,,51-75%,76-100%,4,,,,,,,,,,,,,,,,,,
BAN348,Original,-126.95,0.1,,76-100%,,4,,,,,,,,,,,,,,,,,,
BAN349,Original,-120.1,0.1,,51-75%,76-100%,4,,,,,,,,,,,,,,,,,,
BAN350,Original,-125.8,0.1,,76-100%,76-100%,4,,,,,,,,,,,,,,,,,,
BAN351,Original,-133.1,0.1,,76-100%,,4,,,,,,,,,,,,,,,,,,
BAN352,Original,-131.4,0.1,,51-75%,76-100%,4,,,,,,,,,,,,,,,,,,
BAN353,Original,-126.6,0.1,,51-75%,76-100%,4,,,,,,,,,,,,,,,,,,
BAN354,Original,-119.3,0.1,,51-75%,76-100%,4,,,,,,,,,,,,,,,,,,
BAN355,Original,-115.4,0.1,,51-75%,76-100%,4,,,,,,,,,,,,,,,,,,
BAN356,Original,-115.2,0.1,,51-75%,76-100%,4,,,,,,,,,,,,,,,,,,
BAN357,Original,-118.8,0.1,,51-75%,76-100%,4,,,,,,,,,,,,,,,,,,
BAN358,Original,-123.88,0.1,,51-75%,51-75%,3.5,74.79349858750001,0.9855968294681382,15.593117436583,2039.593117436583,,,,,,,,,,,,,,
BAN359,Original,-131.0,0.1,,51-75%,76-100%,4,,,,,,,,,,,,,,,,,,
BAN360,Original,-112.6,0.1,,76-100%,Replaced,Replaced,,,,,,,,,,,,,,,,,,
BAN361,Original,-124.4,0.1,,76-100%,76-100%,4,,,,,,,,,,,,,,,,,,
BAN362,Original,-129.0,0.1,,76-100%,,4,,,,,,,,,,,,,,,,,,
BAN363,Original,-117.73,0.1,,76-100%,Replaced,Replaced,,,,,,,,,,,,,,,,,,
BAN364,Original,-123.88,0.1,,51-75%,51-75%,3.5,74.79349858750001,0.9855968294681382,15.593117436583,2039.593117436583,,,,,,,,,,,,,,
BAN365,Original,-128.0,0.1,,26-50%,76-100%,4,,,,,,,,,,,,,,,,,,
BAN366,Original,-130.8,0.1,,51-75%,76-100%,4,,,,,,,,,,,,,,,,,,
BAN367,Original,-127.3,0.1,,51-75%,76-100%,4,,,,,,,,,,,,,,,,,,
BAN368,Original,-119.5,0.1,,51-75%,76-100%,4,,,,,,,,,,,,,,,,,,
BAN369,Original,-116.4,0.1,,51-75%,76-100%,4,,,,,,,,,,,,,,,,,,
BAN370,Original,-115.2,0.1,,51-75%,76-100%,4,,,,,,,,,,,,,,,,,,
BAN371,Original,-119.8,0.1,,51-75%,76-100%,4,,,,,,,,,,,,,,,,,,
BAN372,Original,-128.0,0.1,,51-75%,76-100%,4,,,,,,,,,,,,,,,,,,
BAN373,Original,-132.5,0.1,,51-75%,76-100%,4,,,,,,,,,,,,,,,,,,
BAN374,Original,-117.73,0.1,,76-100%,Replaced,Replaced,,,,,,,,,,,,,,,,,,
BAN375,Original,-123.88,0.1,,76-100%,,4,,,,,,,,,,,,,,,,,,
BAN376,Original,-130.03,0.1,,76-100%,,4,,,,,,,,,,,,,,,,,,
BAN377,Original,-125.0,0.1,21-30%,51-75%,76-100%,4,,,,,,,,,,,,,,,,,,
BAN378,Original,-117.2,0.1,21-30%,51-75%,76-100%,4,,,,,,,,,,,,,,,,,,
BAN379,Original,-128.9,0.1,21-30%,51-75%,76-100%,4,,,,,,,,,,,,,,,,,,
BAN380,Original,-134.4,0.1,21-30%,51-75%,76-100%,4,,,,,,,,,,,,,,,,,,
BAN381,Original,-134.4,0.1,21-30%,51-75%,76-100%,4,,,,,,,,,,,,,,,,,,
BAN382,Original,-129.9,0.1,21-30%,26-50%,76-100%,4,,,,,,,,,,,,,,,,,,
BAN383,Original,-115.9,0.1,21-30%,26-50%,,3,114.38820855000002,1.9712633513109858,11.923534417028542,2035.9235344170286,,,,,,,,,,,,,,
BAN384,Original,-118.7,0.1,21-30%,26-50%,76-100%,4,,,,,,,,,,,,,,,,,,
BAN385,Original,-127.0,0.1,21-30%,26-50%,,3,114.38820855000002,1.9712633513109858,11.923534417028542,2035.9235344170286,,,,,,,,,,,,,,
BAN386,Original,-134.4,0.1,21-30%,26-50%,,3,114.38820855000002,1.9712633513109858,11.923534417028542,2035.9235344170286,,,,,,,,,,,,,,
BAN387,Original,-113.43,0.1,,76-100%,,4,,,,,,,,,,,,,,,,,,
BAN388,Original,-123.3,0.1,,51-75%,,4,,,,,,,,,,,,,,,,,,
BAN389,Original,-133.17,0.1,,51-75%,,4,,,,,,,,,,,,,,,,,,
BAN390,Original,-123.3,0.1,21-30%,51-75%,,4,,,,,,,,,,,,,,,,,,
BAN391,Original,-116.7,0.1,51-60%,76-100%,Replaced,Replaced,,,,,,,,,,,,,,,,,,
BAN392,Original,-128.7,0.1,21-30%,26-50%,76-100%,4,,,,,,,,,,,,,,,,,,
BAN393,Original,-134.4,0.1,21-30%,26-50%,76-100%,4,,,,,,,,,,,,,,,,,,
BAN394,Original,-134.4,0.1,21-30%,26-50%,,3,114.38820855000002,1.9712633513109858,11.923534417028542,2035.9235344170286,,,,,,,,,,,,,,
BAN395,Original,-127.0,0.1,21-30%,51-75%,,4,,,,,,,,,,,,,,,,,,
BAN396,Original,-115.9,0.1,51-60%,26-50%,,3,114.38820855000002,1.9712633513109858,11.923534417028542,2035.9235344170286,,,,,,,,,,,,,,
BAN397,Original,-115.9,0.1,21-30%,51-75%,,4,,,,,,,,,,,,,,,,,,
BAN398,Original,-127.0,0.1,11-20%,51-75%,,4,,,,,,,,,,,,,,,,,,
BAN399,Original,-134.4,0.1,21-30%,51-75%,,4,,,,,,,,,,,,,,,,,,
BAN400,Original,-119.6,0.1,,76-100%,Replaced,Replaced,,,,,,,,,,,,,,,,,,
BAN401,Original,-127.0,0.1,,51-75%,,4,,,,,,,,,,,,,,,,,,
BAN402,Original,-134.4,0.1,,51-75%,,4,,,,,,,,,,,,,,,,,,
BAN403,Original,-138.1,0.1,,51-75%,,4,,,,,,,,,,,,,,,,,,
BAN404,Original,-138.1,0.1,,51-75%,,4,,,,,,,,,,,,,,,,,,
BAN405,Original,-138.1,0.1,,51-75%,,4,,,,,,,,,,,,,,,,,,
BAN406,Original,-138.1,0.1,,76-100%,,4,,,,,,,,,,,,,,,,,,
BAN407,Original,-138.1,0.1,,76-100%,,4,,,,,,,,,,,,,,,,,,
BAN408,Original,-138.1,0.1,,26-50%,,3,114.38820855000002,1.9712633513109858,11.923534417028542,2035.9235344170286,,,,,,,,,,,,,,
BAN409,Original,-138.1,0.1,,51-75%,,4,,,,,,,,,,,,,,,,,,
BAN410,Original,-138.1,0.1,,51-75%,,4,,,,,,,,,,,,,,,,,,
BAN411,Original,-138.1,0.1,,76-100%,,4,,,,,,,,,,,,,,,,,,
BAN412,Original,-138.1,0.1,,76-100%,,4,,,,,,,,,,,,,,,,,,
BAN413,Original,-138.1,0.1,,51-75%,,4,,,,,,,,,,,,,,,,,,
BAN414,Original,-138.1,0.1,,51-75%,,4,,,,,,,,,,,,,,,,,,
BAN415,Original,-138.1,0.1,,26-50%,,3,114.38820855000002,1.9712633513109858,11.923534417028542,2035.9235344170286,,,,,,,,,,,,,,
BAN416,Original,-138.1,0.1,,26-50%,26-50%,2.5,153.9843184,0.9856316756554929,32.10186335460503,2056.101863354605,,,,,,,,,,,,,,
BAN417,Original,-138.1,0.1,,51-75%,76-100%,4,,,,,,,,,,,,,,,,,,
BAN418,Original,-138.1,0.1,,26-50%,51-75%,3,114.38820855000002,1.9712633513109858,11.923534417028542,2035.9235344170286,,,,,,,,,,,,,,
BAN419,Original,-138.1,0.1,,26-50%,76-100%,4,,,,,,,,,,,,,,,,,,
BAN420,Original,-138.1,0.1,,51-75%,76-100%,4,,,,,,,,,,,,,,,,,,
BAN421,Original,-138.1,0.1,,76-100%,76-100%,4,,,,,,,,,,,,,,,,,,
BAN422,Original,-138.1,0.1,,76-100%,,4,,,,,,,,,,,,,,,,,,
BAN423,Original,-138.1,0.1,21-30%,76-100%,,4,,,,,,,,,,,,,,,,,,
BAN424,Original,-138.1,0.1,91-100%,depleted,,4,,,,,,,,,,,,,,,,,,
BAN425,Original,-138.1,0.1,21-30%,51-75%,,4,,,,,,,,,,,,,,,,,,
BAN426,Original,-138.1,0.1,21-30%,26-50%,,3,114.38820855000002,1.9712633513109858,11.923534417028542,Jun-36,,,,,,,,,,,,,,
BAN427,Original,-138.1,0.1,21-30%,51-75%,,4,,,,,,,,,,,,,,,,,,
BAN428,Original,-138.1,0.1,21-30%,26-50%,,3,114.38820855000002,1.9712633513109858,11.923534417028542,Jun-36,,,,,,,,,,,,,,
BAN429,Original,-138.1,0.1,21-30%,76-100%,,4,,,,,,,,,,,,,,,,,,
BAN430,Original,-138.1,0.1,21-30%,76-100%,,4,,,,,,,,,,,,,,,,,,
BAN431,Original,-138.1,0.1,41-50%,76-100%,,4,,,,,,,,,,,,,,,,,,
BAN432,Original,-138.1,0.1,41-50%,51-75%,,4,,,,,,,,,,,,,,,,,,
BAN433,Original,-138.1,0.1,41-50%,76-100%,,4,,,,,,,,,,,,,,,,,,
BAN434,Original,-138.1,0.1,41-50%,76-100%,,4,,,,,,,,,,,,,,,,,,
BAN435,Original,-138.1,0.1,41-50%,76-100%,,4,,,,,,,,,,,,,,,,,,
BAN436,Original,-138.1,0.1,41-50%,51-75%,,4,,,,,,,,,,,,,,,,,,
BAN437,Original,-138.1,0.1,41-50%,51-75%,,4,,,,,,,,,,,,,,,,,,
BAN438,Original,-138.1,0.1,41-50%,51-75%,,4,,,,,,,,,,,,,,,,,,
BAN439,Original,-138.1,0.1,41-50%,51-75%,,4,,,,,,,,,,,,,,,,,,
BAN440,Original,-138.1,0.1,41-50%,51-75%,76-100%,4,,,,,,,,,,,,,,,,,,
BAN441,Original,-138.1,0.1,21-30%,51-75%,,4,,,,,,,,,,,,,,,,,,
BAN442,Original,-138.1,0.1,41-50%,51-75%,,4,,,,,,,,,,,,,,,,,,
BAN443,Original,-138.1,0.1,41-50%,76-100%,,4,,,,,,,,,,,,,,,,,,
BAN444,Original,-138.1,0.1,21-30%,51-75%,,4,,,,,,,,,,,,,,,,,,
BAN445,Original,-138.1,0.1,21-30%,51-75%,,4,,,,,,,,,,,,,,,,,,
BAN446,Original,-138.1,0.1,61-70%,76-100%,,4,,,,,,,,,,,,,,,,,,
BAN447,Original,-138.1,0.1,51-60%,76-100%,,4,,,,,,,,,,,,,,,,,,
BAN448,Original,-138.1,0.1,41-50%,76-100%,,4,,,,,,,,,,,,,,,,,,
BAN449,Original,-138.1,0.1,41-50%,51-75%,,4,,,,,,,,,,,,,,,,,,
BAN450,Original,-138.1,0.1,41-50%,51-75%,,4,,,,,,,,,,,,,,,,,,
BAN451,Original,-138.1,0.1,41-50%,51-75%,,4,,,,,,,,,,,,,,,,,,
BAN452,Original,-138.1,0.1,41-50%,51-75%,,4,,,,,,,,,,,,,,,,,,
BAN453,Original,-138.1,0.1,21-30%,76-100%,,4,,,,,,,,,,,,,,,,,,
BAN454,Original,-133.1,0.1,21-30%,51-75%,,4,,,,,,,,,,,,,,,,,,
BAN455,Original,-133.1,0.1,21-30%,51-75%,,4,,,,,,,,,,,,,,,,,,
BAN456,Original,-133.1,0.1,61-70%,76-100%,,4,,,,,,,,,,,,,,,,,,
BAN457,Original,-133.1,0.1,0-5%,1-25%,,2,193.58042825,1.971230459467308,20.178665632069972,2044.17866563207,,,,,,,,,,,,,,
BAN458,Original,-128.1,0.1,,51-75%,,4,,,,,,,,,,,,,,,,,,
BAN459,Original,-128.1,0.1,,51-75%,,4,,,,,,,,,,,,,,,,,,
BAN460,Original,-138.1,0.1,,26-50%,,3,114.38820855000002,1.9712633513109858,11.923534417028542,2035.9235344170286,,,,,,,,,,,,,,
BAN461,Original,-138.1,0.1,,51-75%,,4,,,,,,,,,,,,,,,,,,
BAN462,Original,-138.1,0.1,,51-75%,,4,,,,,,,,,,,,,,,,,,
BAN463,Original,-130.6,0.1,,51-75%,,4,,,,,,,,,,,,,,,,,,
BAN464,Original,-135.6,0.1,,51-75%,,4,,,,,,,,,,,,,,,,,,
BAN465,Original,-130.6,0.1,,51-75%,,4,,,,,,,,,,,,,,,,,,
BAN466,Original,-135.6,0.1,,76-100%,,4,,,,,,,,,,,,,,,,,,
BAN467,Original,-130.6,0.1,,76-100%,,4,,,,,,,,,,,,,,,,,,
BAN468,Original,-135.6,0.1,,51-75%,,4,,,,,,,,,,,,,,,,,,
BAN469,Original,-138.1,0.1,,26-50%,,3,114.38820855000002,1.9712633513109858,11.923534417028542,2035.9235344170286,,,,,,,,,,,,,,
BAN470,Original,-138.1,0.1,,26-50%,,3,114.38820855000002,1.9712633513109858,11.923534417028542,2035.9235344170286,,,,,,,,,,,,,,
BAN471,Original,-138.1,0.1,,26-50%,,3,114.38820855000002,1.9712633513109858,11.923534417028542,2035.9235344170286,,,,,,,,,,,,,,
BAN472,Original,-128.1,0.1,,51-75%,,4,,,,,,,,,,,,,,,,,,
BAN473,Original,-128.1,0.1,,51-75%,,4,,,,,,,,,,,,,,,,,,
BAN474,Original,-130.6,0.1,,26-50%,,3,114.38820855000002,1.9712633513109858,11.923534417028542,2035.9235344170286,,,,,,,,,,,,,,
BAN475,Original,-135.6,0.1,,26-50%,,3,114.38820855000002,1.9712633513109858,11.923534417028542,2035.9235344170286,,,,,,,,,,,,,,
BAN476,Original,-130.6,0.1,,26-50%,,3,114.38820855000002,1.9712633513109858,11.923534417028542,2035.9235344170286,,,,,,,,,,,,,,
BAN477,Original,-135.6,0.1,,26-50%,,3,114.38820855000002,1.9712633513109858,11.923534417028542,2035.9235344170286,,,,,,,,,,,,,,
BAN478,Original,-130.6,0.1,,76-100%,,4,,,,,,,,,,,,,,,,,,
BAN479,Original,-135.6,0.1,,26-50%,,3,114.38820855000002,1.9712633513109858,11.923534417028542,2035.9235344170286,,,,,,,,,,,,,,
BAN480,Original,-128.1,0.1,,76-100%,,4,,,,,,,,,,,,,,,,,,
BAN481,Original,-131.2,0.1,,76-100%,76-100%,4,,,,,,,,,,,,,,,,,,
BAN482,Original,-128.1,0.1,,76-100%,,4,,,,,,,,,,,,,,,,,,
BAN483,Original,-138.1,0.1,,51-75%,51-75%,3.5,74.79349858750001,0.9855968294681382,15.593117436583,2039.593117436583,,,,,,,,,,,,,,
BAN484,Original,-138.1,0.1,,76-100%,,4,,,,,,,,,,,,,,,,,,
BAN485,Original,-130.6,0.1,,76-100%,,4,,,,,,,,,,,,,,,,,,
BAN486,Original,-135.6,0.1,,51-75%,51-75%,3.5,74.79349858750001,0.9855968294681382,15.593117436583,2039.593117436583,,,,,,,,,,,,,,
BAN487,Original,-130.6,0.1,,51-75%,76-100%,4,,,,,,,,,,,,,,,,,,
BAN488,Original,-135.6,0.1,,76-100%,,4,,,,,,,,,,,,,,,,,,
BAN489,Original,-130.6,0.1,,51-75%,76-100%,4,,,,,,,,,,,,,,,,,,
BAN490,Original,-135.6,0.1,,51-75%,76-100%,4,,,,,,,,,,,,,,,,,,
BAN491,Original,-138.1,0.1,,51-75%,76-100%,4,,,,,,,,,,,,,,,,,,
BAN492,Original,-138.1,0.1,,51-75%,76-100%,4,,,,,,,,,,,,,,,,,,
BAN493,Original,-138.1,0.1,,51-75%,76-100%,4,,,,,,,,,,,,,,,,,,
BAN494,Original,-128.1,0.1,,51-75%,76-100%,4,,,,,,,,,,,,,,,,,,
BAN495,Original,-128.1,0.1,,51-75%,51-75%,3.5,74.79349858750001,0.9855968294681382,15.593117436583,2039.593117436583,,,,,,,,,,,,,,
BAN496,Original,-130.6,0.1,,76-100%,76-100%,4,,,,,,,,,,,,,,,,,,
BAN497,Original,-135.6,0.1,,76-100%,,4,,,,,,,,,,,,,,,,,,
BAN498,Original,-130.6,0.1,,76-100%,,4,,,,,,,,,,,,,,,,,,
BAN499,Original,-135.6,0.1,,51-75%,76-100%,4,,,,,,,,,,,,,,,,,,
BAN500,Original,-130.6,0.1,,51-75%,51-75%,3.5,74.79349858750001,0.9855968294681382,15.593117436583,2039.593117436583,,,,,,,,,,,,,,
BAN501,Original,-135.6,0.1,,51-75%,76-100%,4,,,,,,,,,,,,,,,,,,
BAN196A,Retrofit,-75.5,0.0,,,1-25%,1,272.771326575,2.440122387217771,22.96970964017809,2046.969709640178,,,,,,,,,,,,,,
BAN262A,Retrofit,-96.63,0.0,,,1-25%,1,272.771326575,2.440122387217771,22.96970964017809,2046.969709640178,,,,,,,,,,,,,,
BAN264A,Retrofit,-106.13,0.0,,,1-25%,1,272.771326575,2.440122387217771,22.96970964017809,2046.969709640178,,,,,,,,,,,,,,
BAN274A,Retrofit,-94.25,0.0,,,1-25%,1,272.771326575,2.440122387217771,22.96970964017809,2046.969709640178,,,,,,,,,,,,,,
BAN276A,Retrofit,-106.65,0.0,,,1-25%,1,272.771326575,2.440122387217771,22.96970964017809,2046.969709640178,,,,,,,,,,,,,,
BAN278A,Retrofit,-94.25,0.0,,,1-25%,1,272.771326575,2.440122387217771,22.96970964017809,2046.969709640178,,,,,,,,,,,,,,
BAN290A,Retrofit,-96.63,0.0,,,1-25%,1,272.771326575,2.440122387217771,22.96970964017809,2046.969709640178,,,,,,,,,,,,,,
BAN292A,Retrofit,-106.13,0.0,,,1-25%,1,272.771326575,2.440122387217771,22.96970964017809,2046.969709640178,,,,,,,,,,,,,,
BAN307A,Retrofit,-97.81,0.0,,,1-25%,1,272.771326575,2.440122387217771,22.96970964017809,2046.969709640178,,,,,,,,,,,,,,
BAN315A,Retrofit,-97.81,0.0,,,,1,272.771326575,2.440122387217771,22.96970964017809,2046.969709640178,,,,,,,,,,,,,,
BAN360A,Retrofit,-112.6,0.0,,,1-25%,1,272.771326575,2.440122387217771,22.96970964017809,2046.969709640178,,,,,,,,,,,,,,
BAN363A,Retrofit,-117.73,0.0,,,1-25%,1,272.771326575,2.440122387217771,22.96970964017809,2046.969709640178,,,,,,,,,,,,,,
BAN374A,Retrofit,-117.73,0.0,,,,1,272.771326575,2.440122387217771,22.96970964017809,2046.969709640178,,,,,,,,,,,,,,
BAN391A,Retrofit,-116.7,0.0,,,1-25%,1,272.771326575,2.440122387217771,22.96970964017809,2046.969709640178,,,,,,,,,,,,,,
BAN400A,Retrofit,-119.6,0.0,,,,1,272.771326575,2.440122387217771,22.96970964017809,2046.969709640178,,,,,,,,,,,,,,
SLED-1-BAN001,Retrofit,-138.1,0.0,,,,1,272.771326575,2.440122387217771,22.96970964017809,2046.969709640178,,,,,,,,,,,,,,
SLED-1-BAN002,Retrofit,-138.1,0.0,,,,1,272.771326575,2.440122387217771,22.96970964017809,2046.969709640178,,,,,,,,,,,,,,
SLED-1-BAN003,Retrofit,-138.1,0.0,,,,1,272.771326575,2.440122387217771,22.96970964017809,2046.969709640178,,,,,,,,,,,,,,
SLED-1-BAN004,Retrofit,-138.1,0.0,,,,1,272.771326575,2.440122387217771,22.96970964017809,2046.969709640178,,,,,,,,,,,,,,
SLED-1-BAN005,Retrofit,-138.1,0.0,,,,1,272.771326575,2.440122387217771,22.96970964017809,2046.969709640178,,,,,,,,,,,,,,
SLED-1-BAN006,Retrofit,-138.1,0.0,,,,1,272.771326575,2.440122387217771,22.96970964017809,2046.969709640178,,,,,,,,,,,,,,
SLED-1-BAN007,Retrofit,-138.1,0.0,,,,1,272.771326575,2.440122387217771,22.96970964017809,2046.969709640178,,,,,,,,,,,,,,
SLED-1-BAN008,Retrofit,-138.1,0.0,,,,1,272.771326575,2.440122387217771,22.96970964017809,2046.969709640178,,,,,,,,,,,,,,
SLED-1-BAN009,Retrofit,-138.1,0.0,,,,1,272.771326575,2.440122387217771,22.96970964017809,2046.969709640178,,,,,,,,,,,,,,
SLED-1-BAN010,Retrofit,-138.1,0.0,,,,1,272.771326575,2.440122387217771,22.96970964017809,2046.969709640178,,,,,,,,,,,,,,
SLED-2-BAN001,Retrofit,-138.1,0.0,,,,1,272.771326575,2.440122387217771,22.96970964017809,2046.969709640178,,,,,,,,,,,,,,
SLED-2-BAN002,Retrofit,-138.1,0.0,,,,1,272.771326575,2.440122387217771,22.96970964017809,2046.969709640178,,,,,,,,,,,,,,
SLED-2-BAN003,Retrofit,-138.1,0.0,,,,1,272.771326575,2.440122387217771,22.96970964017809,2046.969709640178,,,,,,,,,,,,,,
SLED-2-BAN004,Retrofit,-138.1,0.0,,,,1,272.771326575,2.440122387217771,22.96970964017809,2046.969709640178,,,,,,,,,,,,,,
SLED-2-BAN005,Retrofit,-138.1,0.0,,,,1,272.771326575,2.440122387217771,22.96970964017809,2046.969709640178,,,,,,,,,,,,,,
SLED-3-BAN001,Retrofit,-138.1,0.0,,,1-25%,1,272.771326575,2.440122387217771,22.96970964017809,2046.969709640178,,,,,,,,,,,,,,
SLED-3-BAN002,Retrofit,-138.1,0.0,,,1-25%,1,272.771326575,2.440122387217771,22.96970964017809,2046.969709640178,,,,,,,,,,,,,,
SLED-3-BAN003,Retrofit,-138.1,0.0,,,1-25%,1,272.771326575,2.440122387217771,22.96970964017809,2046.969709640178,,,,,,,,,,,,,,
SLED-3-BAN004,Retrofit,-138.1,0.0,,,1-25%,1,272.771326575,2.440122387217771,22.96970964017809,2046.969709640178,,,,,,,,,,,,,,
SLED-3-BAN005,Retrofit,-138.1,0.0,,,1-25%,1,272.771326575,2.440122387217771,22.96970964017809,2046.969709640178,,,,,,,,,,,,,,
SLED-4-BAN001,Retrofit,-138.1,0.0,,,1-25%,1,272.771326575,2.440122387217771,22.96970964017809,2046.969709640178,,,,,,,,,,,,,,
SLED-4-BAN002,Retrofit,-138.1,0.0,,,1-25%,1,272.771326575,2.440122387217771,22.96970964017809,2046.969709640178,,,,,,,,,,,,,,
SLED-4-BAN003,Retrofit,-138.1,0.0,,,1-25%,1,272.771326575,2.440122387217771,22.96970964017809,2046.969709640178,,,,,,,,,,,,,,
SLED-4-BAN004,Retrofit,-138.1,0.0,,,1-25%,1,272.771326575,2.440122387217771,22.96970964017809,2046.969709640178,,,,,,,,,,,,,,
SLED-4-BAN005,Retrofit,-138.1,0.0,,,1-25%,1,272.771326575,2.440122387217771,22.96970964017809,2046.969709640178,,,,,,,,,,,,,,
SLED-5-BAN001,Retrofit,-138.1,0.0,,,1-25%,1,272.771326575,2.440122387217771,22.96970964017809,2046.969709640178,,,,,,,,,,,,,,
SLED-5-BAN002,Retrofit,-138.1,0.0,,,1-25%,1,272.771326575,2.440122387217771,22.96970964017809,2046.969709640178,,,,,,,,,,,,,,
SLED-5-BAN003,Retrofit,-138.1,0.0,,,1-25%,1,272.771326575,2.440122387217771,22.96970964017809,2046.969709640178,,,,,,,,,,,,,,
SLED-5-BAN004,Retrofit,-138.1,0.0,,,1-25%,1,272.771326575,2.440122387217771,22.96970964017809,2046.969709640178,,,,,,,,,,,,,,
SLED-5-BAN005,Retrofit,-138.1,0.0,,,1-25%,1,272.771326575,2.440122387217771,22.96970964017809,2046.969709640178,,,,,,,,,,,,,,
SLED-5-BAN006,Retrofit,-138.1,0.0,,,1-25%,1,272.771326575,2.440122387217771,22.96970964017809,2046.969709640178,,,,,,,,,,,,,,
SLED-5-BAN007,Retrofit,-138.1,0.0,,,1-25%,1,272.771326575,2.440122387217771,22.96970964017809,2046.969709640178,,,,,,,,,,,,,,
SLED-5-BAN008,Retrofit,-138.1,0.0,,,1-25%,1,272.771326575,2.440122387217771,22.96970964017809,2046.969709640178,,,,,,,,,,,,,,
SLED-5-BAN009,Retrofit,-138.1,0.0,,,1-25%,1,272.771326575,2.440122387217771,22.96970964017809,2046.969709640178,,,,,,,,,,,,,,
SLED-5-BAN010,Retrofit,-138.1,0.0,,,1-25%,1,272.771326575,2.440122387217771,22.96970964017809,2046.969709640178,,,,,,,,,,,,,,
SLED-6-BAN001,Retrofit,-138.1,0.0,,,1-25%,1,272.771326575,2.440122387217771,22.96970964017809,2046.969709640178,,,,,,,,,,,,,,
SLED-6-BAN002,Retrofit,-138.1,0.0,,,1-25%,1,272.771326575,2.440122387217771,22.96970964017809,2046.969709640178,,,,,,,,,,,,,,
SLED-6-BAN003,Retrofit,-138.1,0.0,,,1-25%,1,272.771326575,2.440122387217771,22.96970964017809,2046.969709640178,,,,,,,,,,,,,,
SLED-6-BAN004,Retrofit,-138.1,0.0,,,1-25%,1,272.771326575,2.440122387217771,22.96970964017809,2046.969709640178,,,,,,,,,,,,,,
SLED-6-BAN005,Retrofit,-138.1,0.0,,,1-25%,1,272.771326575,2.440122387217771,22.96970964017809,2046.969709640178,,,,,,,,,,,,,,
SLED-6-BAN006,Retrofit,-138.1,0.0,,,1-25%,1,272.771326575,2.440122387217771,22.96970964017809,2046.969709640178,,,,,,,,,,,,,,
SLED-6-BAN007,Retrofit,-138.1,0.0,,,1-25%,1,272.771326575,2.440122387217771,22.96970964017809,2046.969709640178,,,,,,,,,,,,,,
SLED-6-BAN008,Retrofit,-138.1,0.0,,,1-25%,1,272.771326575,2.440122387217771,22.96970964017809,2046.969709640178,,,,,,,,,,,,,,
SLED-6-BAN009,Retrofit,-138.1,0.0,,,1-25%,1,272.771326575,2.440122387217771,22.96970964017809,2046.969709640178,,,,,,,,,,,,,,
SLED-6-BAN010,Retrofit,-138.1,0.0,,,1-25%,1,272.771326575,2.440122387217771,22.96970964017809,2046.969709640178,,,,,,,,,,,,,,
